{
	"pattrstorage" : 	{
		"name" : "scorefile",
		"slots" : 		{
			"1" : 			{
				"id" : 1,
				"name" : "1",
				"data" : 				{
					"L-a" : [ -18.805632 ],
					"L-cf" : [ 15.629921 ],
					"L-ff" : [ 0.006956 ],
					"L-fr" : [ 1.018927 ],
					"L-ga" : [ 0.0 ],
					"L-gain" : [ -0.582677 ],
					"L-na" : [ -33.497532 ],
					"L-sa" : [ -19.980984 ],
					"L-ta" : [ -74.047173 ],
					"MASTER-GAIN" : [ -0.582677 ],
					"R-a" : [ -28.208447 ],
					"R-cf" : [ 29.015749 ],
					"R-ff" : [ 0.017433 ],
					"R-fr" : [ 3.00804 ],
					"R-ga" : [ 0.0 ],
					"R-gain" : [ -0.582677 ],
					"R-na" : [ -40.549644 ],
					"R-sa" : [ -32.322178 ],
					"R-ta" : [ -74.047173 ],
					"264.midi-learn::a-264ml" : [ 2 ],
					"264.midi-learn[1]::sa-264ml" : [ 2 ],
					"264.midi-learn[2]::na-264ml" : [ 2 ],
					"264.midi-learn[3]::cf-264ml" : [ 2 ],
					"264.midi-learn[4]::fr-264ml" : [ 2 ],
					"264.midi-learn[5]::ff-264ml" : [ 2 ],
					"mlpresets::presets-mp-recall-num::presets-mp-recall-num-264ml" : [ 2 ],
					"mlpresets::presets-mp-store-num::presets-mp-store-num-264ml" : [ 2 ],
					"muter::toggler::mastertog-tog-264ml" : [ 2 ],
					"264.midi-learn[7]::L-gain-264ml" : [ 2 ],
					"264.midi-learn[8]::grain-a-264ml" : [ 2 ],
					"264.midi-learn[16]::ra-264ml" : [ 2 ],
					"264.midi-learn[15]::rsa-264ml" : [ 2 ],
					"264.midi-learn[14]::rna-264ml" : [ 2 ],
					"264.midi-learn[13]::rcf-264ml" : [ 2 ],
					"264.midi-learn[12]::rfr-264ml" : [ 2 ],
					"264.midi-learn[11]::rff-264ml" : [ 2 ],
					"R-muter::toggler::Rmastertog-tog-264ml" : [ 2 ],
					"264.midi-learn[10]::R-gain-264ml" : [ 2 ],
					"264.midi-learn[9]::r-grain-a-264ml" : [ 2 ],
					"264.midi-learn[17]::r-tape-a-264ml" : [ 2 ],
					"264.midi-learn[18]::l-tape-a-264ml" : [ 2 ],
					"264.midi-learn[6]::MASTER-gain-264ml" : [ 2 ]
				}

			}
,
			"4" : 			{
				"id" : 4,
				"name" : "4",
				"data" : 				{
					"L-a" : [ -18.805632 ],
					"L-cf" : [ 15.31496 ],
					"L-ff" : [ 0.007819 ],
					"L-fr" : [ 1.636174 ],
					"L-ga" : [ 0.0 ],
					"L-gain" : [ -0.582677 ],
					"L-na" : [ -31.734503 ],
					"L-sa" : [ -18.217955 ],
					"L-ta" : [ -12.928871 ],
					"MASTER-GAIN" : [ -0.582677 ],
					"R-a" : [ -28.208447 ],
					"R-cf" : [ 30.118111 ],
					"R-ff" : [ 0.015353 ],
					"R-fr" : [ 2.294819 ],
					"R-ga" : [ 0.0 ],
					"R-gain" : [ -0.582677 ],
					"R-na" : [ -18.805632 ],
					"R-sa" : [ -28.796124 ],
					"R-ta" : [ -12.928871 ],
					"264.midi-learn::a-264ml" : [ 2 ],
					"264.midi-learn[1]::sa-264ml" : [ 2 ],
					"264.midi-learn[2]::na-264ml" : [ 2 ],
					"264.midi-learn[3]::cf-264ml" : [ 2 ],
					"264.midi-learn[4]::fr-264ml" : [ 2 ],
					"264.midi-learn[5]::ff-264ml" : [ 2 ],
					"mlpresets::presets-mp-recall-num::presets-mp-recall-num-264ml" : [ 2 ],
					"mlpresets::presets-mp-store-num::presets-mp-store-num-264ml" : [ 2 ],
					"muter::toggler::mastertog-tog-264ml" : [ 2 ],
					"264.midi-learn[7]::L-gain-264ml" : [ 2 ],
					"264.midi-learn[8]::grain-a-264ml" : [ 2 ],
					"264.midi-learn[16]::ra-264ml" : [ 2 ],
					"264.midi-learn[15]::rsa-264ml" : [ 2 ],
					"264.midi-learn[14]::rna-264ml" : [ 2 ],
					"264.midi-learn[13]::rcf-264ml" : [ 2 ],
					"264.midi-learn[12]::rfr-264ml" : [ 2 ],
					"264.midi-learn[11]::rff-264ml" : [ 2 ],
					"R-muter::toggler::Rmastertog-tog-264ml" : [ 2 ],
					"264.midi-learn[10]::R-gain-264ml" : [ 2 ],
					"264.midi-learn[9]::r-grain-a-264ml" : [ 2 ],
					"264.midi-learn[17]::r-tape-a-264ml" : [ 2 ],
					"264.midi-learn[18]::l-tape-a-264ml" : [ 2 ],
					"264.midi-learn[6]::MASTER-gain-264ml" : [ 2 ]
				}

			}
,
			"12" : 			{
				"id" : 12,
				"name" : "12",
				"data" : 				{
					"L-a" : [ -74.047173 ],
					"L-cf" : [ 15.31496 ],
					"L-ff" : [ 0.007819 ],
					"L-fr" : [ 1.636174 ],
					"L-ga" : [ -74.047173 ],
					"L-gain" : [ -0.582677 ],
					"L-na" : [ -31.734503 ],
					"L-sa" : [ -18.217955 ],
					"L-ta" : [ -74.047173 ],
					"MASTER-GAIN" : [ -0.582677 ],
					"R-a" : [ -74.047173 ],
					"R-cf" : [ 30.118111 ],
					"R-ff" : [ 0.015353 ],
					"R-fr" : [ 2.294819 ],
					"R-ga" : [ -74.047173 ],
					"R-gain" : [ -0.582677 ],
					"R-na" : [ -18.805632 ],
					"R-sa" : [ -28.796124 ],
					"R-ta" : [ -74.047173 ],
					"264.midi-learn::a-264ml" : [ 1 ],
					"264.midi-learn[1]::sa-264ml" : [ 1 ],
					"264.midi-learn[2]::na-264ml" : [ 1 ],
					"264.midi-learn[3]::cf-264ml" : [ 1 ],
					"264.midi-learn[4]::fr-264ml" : [ 1 ],
					"264.midi-learn[5]::ff-264ml" : [ 1 ],
					"mlpresets::presets-mp-recall-num::presets-mp-recall-num-264ml" : [ 1 ],
					"mlpresets::presets-mp-store-num::presets-mp-store-num-264ml" : [ 1 ],
					"muter::toggler::mastertog-tog-264ml" : [ 1 ],
					"264.midi-learn[7]::L-gain-264ml" : [ 1 ],
					"264.midi-learn[8]::grain-a-264ml" : [ 1 ],
					"264.midi-learn[16]::ra-264ml" : [ 1 ],
					"264.midi-learn[15]::rsa-264ml" : [ 1 ],
					"264.midi-learn[14]::rna-264ml" : [ 1 ],
					"264.midi-learn[13]::rcf-264ml" : [ 1 ],
					"264.midi-learn[12]::rfr-264ml" : [ 1 ],
					"264.midi-learn[11]::rff-264ml" : [ 1 ],
					"R-muter::toggler::Rmastertog-tog-264ml" : [ 1 ],
					"264.midi-learn[10]::R-gain-264ml" : [ 1 ],
					"264.midi-learn[9]::r-grain-a-264ml" : [ 1 ],
					"264.midi-learn[17]::r-tape-a-264ml" : [ 1 ],
					"264.midi-learn[18]::l-tape-a-264ml" : [ 1 ],
					"264.midi-learn[6]::MASTER-gain-264ml" : [ 1 ]
				}

			}
,
			"14" : 			{
				"id" : 14,
				"name" : "14",
				"data" : 				{
					"L-a" : [ -18.805632 ],
					"L-cf" : [ 15.31496 ],
					"L-ff" : [ 0.007819 ],
					"L-fr" : [ 1.636174 ],
					"L-ga" : [ 0.0 ],
					"L-gain" : [ -0.582677 ],
					"L-na" : [ -31.734503 ],
					"L-sa" : [ -18.217955 ],
					"L-ta" : [ -12.928871 ],
					"MASTER-GAIN" : [ -0.582677 ],
					"R-a" : [ -28.208447 ],
					"R-cf" : [ 30.118111 ],
					"R-ff" : [ 0.015353 ],
					"R-fr" : [ 2.294819 ],
					"R-ga" : [ 0.0 ],
					"R-gain" : [ -0.582677 ],
					"R-na" : [ -18.805632 ],
					"R-sa" : [ -28.796124 ],
					"R-ta" : [ -12.928871 ],
					"264.midi-learn::a-264ml" : [ 1 ],
					"264.midi-learn[1]::sa-264ml" : [ 1 ],
					"264.midi-learn[2]::na-264ml" : [ 1 ],
					"264.midi-learn[3]::cf-264ml" : [ 1 ],
					"264.midi-learn[4]::fr-264ml" : [ 1 ],
					"264.midi-learn[5]::ff-264ml" : [ 1 ],
					"mlpresets::presets-mp-recall-num::presets-mp-recall-num-264ml" : [ 1 ],
					"mlpresets::presets-mp-store-num::presets-mp-store-num-264ml" : [ 1 ],
					"muter::toggler::mastertog-tog-264ml" : [ 1 ],
					"264.midi-learn[7]::L-gain-264ml" : [ 1 ],
					"264.midi-learn[8]::grain-a-264ml" : [ 1 ],
					"264.midi-learn[16]::ra-264ml" : [ 1 ],
					"264.midi-learn[15]::rsa-264ml" : [ 1 ],
					"264.midi-learn[14]::rna-264ml" : [ 1 ],
					"264.midi-learn[13]::rcf-264ml" : [ 1 ],
					"264.midi-learn[12]::rfr-264ml" : [ 1 ],
					"264.midi-learn[11]::rff-264ml" : [ 1 ],
					"R-muter::toggler::Rmastertog-tog-264ml" : [ 1 ],
					"264.midi-learn[10]::R-gain-264ml" : [ 1 ],
					"264.midi-learn[9]::r-grain-a-264ml" : [ 1 ],
					"264.midi-learn[17]::r-tape-a-264ml" : [ 1 ],
					"264.midi-learn[18]::l-tape-a-264ml" : [ 1 ],
					"264.midi-learn[6]::MASTER-gain-264ml" : [ 1 ]
				}

			}
,
			"23" : 			{
				"id" : 23,
				"name" : "23",
				"data" : 				{
					"L-a" : [ -35.848236 ],
					"L-cf" : [ 15.31496 ],
					"L-ff" : [ 0.007819 ],
					"L-fr" : [ 1.636174 ],
					"L-ga" : [ 0.0 ],
					"L-gain" : [ -0.582677 ],
					"L-na" : [ -8.227464 ],
					"L-sa" : [ 0.0 ],
					"L-ta" : [ -19.393307 ],
					"MASTER-GAIN" : [ -0.582677 ],
					"R-a" : [ -35.848236 ],
					"R-cf" : [ 24.448818 ],
					"R-ff" : [ 0.01195 ],
					"R-fr" : [ 2.004384 ],
					"R-ga" : [ 0.0 ],
					"R-gain" : [ -0.582677 ],
					"R-na" : [ -7.052112 ],
					"R-sa" : [ 0.0 ],
					"R-ta" : [ -12.928871 ],
					"264.midi-learn::a-264ml" : [ 1 ],
					"264.midi-learn[1]::sa-264ml" : [ 1 ],
					"264.midi-learn[2]::na-264ml" : [ 1 ],
					"264.midi-learn[3]::cf-264ml" : [ 1 ],